driver_id,trajectory_id,decision,decision_time,trip_distance_to_stop_line,trip_v
0,0,1,0.4464375972747803,24.527557373046875,13.83539050764671
0,1,1,0.28469228744506836,21.0546875,23.52779590384486
0,10,1,0.8816611766815186,11.489471435546875,20.397902741862165
0,11,0,0.6384634971618652,59.51861572265631,19.732711222523836
0,12,0,1.553279161453247,85.89582824707031,16.339585558636347
0,13,0,1.0261814594268799,63.52880859375,18.79385153361382
0,14,0,1.1222445964813232,25.455078125,15.985259471816224
0,15,0,1.1388213634490967,72.12107849121097,19.688425359127606
0,16,0,1.1518974304199219,76.36639404296875,15.568931910172292
0,17,0,1.2139296531677246,39.12744140625,19.24925284627739
0,18,1,0.6079888343811035,14.25799560546875,22.22033844446858
0,19,0,1.5983545780181885,32.87646484375,11.613706704841444
0,2,0,1.8729848861694336,62.008819580078125,16.387608127407145
0,20,1,0.9287021160125732,34.26904296875,22.785085401099533
0,21,0,0.6910214424133301,57.466827392578125,18.120621712867937
0,22,0,0.6538546085357666,50.76593017578125,21.26736361499977
0,23,0,0.8774237632751465,70.05445861816403,19.99971499994705
0,24,1,0.38352537155151367,15.495208740234375,24.602872838574758
0,25,0,1.6949548721313477,58.387176513671875,21.527491037841802
0,26,1,0.5614039897918701,5.641662597656307,10.288765494114623
0,27,0,1.3574070930480957,61.022552490234375,19.731652481007075
0,28,0,1.876124382019043,96.29722595214841,19.343006419316858
0,29,1,0.4818878173828125,18.161346435546875,25.821812126337644
0,3,0,1.5724825859069824,58.710968017578125,21.18704899988789
0,30,1,0.4162414073944092,34.863433837890625,23.049323357674673
0,31,1,0.38596034049987793,20.0615234375,23.140703846287074
0,32,0,1.9524610042572021,64.8388671875,12.357130626373397
0,33,1,0.7220900058746338,39.455047607421875,22.30508744621432
0,34,1,0.7361612319946289,40.851531982421875,16.421905246651978
0,35,0,0.9765942096710205,48.675689697265625,21.873161524109104
0,37,0,1.2639145851135254,48.102294921875,17.965484498724418
0,38,0,1.619889259338379,8.7855224609375,4.600979885747383
0,39,1,0.4942495822906494,37.4649658203125,22.03184145501015
0,4,0,1.024228572845459,59.649658203125,20.74470511630575
0,40,1,0.4465503692626953,16.613006591796875,23.723400584580695
0,41,0,0.8932733535766602,79.77815246582031,18.956843401307
0,42,0,1.2280597686767578,88.69552612304688,17.6511530336642
0,43,1,0.7360708713531494,42.05517578125,22.57661277593985
0,44,0,1.664332628250122,53.78399658203125,18.659808270571435
0,45,1,0.4640467166900635,19.08740234375,23.71410791277138
0,46,1,0.5629739761352539,27.1898193359375,23.193520049348216
0,47,0,1.0555319786071777,42.402374267578125,22.256700631905932
0,48,0,1.5213747024536133,115.6073303222656,16.325007174415894
0,49,0,1.5837955474853516,42.163787841796875,19.946677714430585
0,5,1,0.6066122055053711,34.289276123046875,21.736276629962088
0,50,1,0.5120940208435059,28.66473388671875,23.52478959024513
0,51,1,0.6556234359741211,19.9801025390625,21.93663705725764
0,52,0,0.9120206832885742,64.07373046875,20.093252063488823
0,6,1,1.1838650703430176,6.337982177734375,7.872658900610878
0,7,0,1.2796111106872559,78.037109375,15.077441043363683
0,8,0,1.5359604358673096,20.379638671875,16.47592652364736
0,9,1,1.0112245082855225,25.54736328125,10.389359821242047
1,0,1,2.191678524017334,5.3114013671875,23.716110519134954
1,1,0,1.1537249088287354,85.24259948730469,12.344046035441849
1,10,1,1.469860553741455,40.282012939453125,21.286294062865387
1,11,1,0.4490344524383545,37.630279541015625,18.258212426648896
1,12,1,1.9837524890899658,38.0458984375,19.138983063966766
1,13,0,0.8825266361236572,111.99342346191403,10.674503752284236
1,15,0,0.9092659950256348,56.504119873046875,14.326315976519462
1,16,0,0.8343286514282227,72.76763916015628,16.802375010694092
1,17,0,1.1873040199279785,84.72164916992193,16.0379025418915
1,18,0,0.8640084266662598,62.7122802734375,17.336793379112105
1,19,0,0.7071166038513184,60.214813232421875,19.002630197270566
1,2,0,1.185140609741211,42.29132080078125,10.941276712461027
1,20,1,0.0640254020690918,39.756072998046875,21.155218608958727
1,21,1,0.7218940258026123,33.55303955078125,17.778955895046987
1,22,0,0.912804126739502,76.63433837890628,16.70776843994389
1,23,0,0.6570267677307129,69.347412109375,15.625298296059254
1,24,0,0.629950761795044,54.456146240234375,14.57693454554362
1,25,1,0.6272788047790527,19.670074462890625,22.045443116435813
1,26,0,1.0079302787780762,69.73947143554688,16.205558599061867
1,27,0,1.7786996364593506,81.59576416015628,16.00636282984844
1,28,0,0.7200958728790283,51.968017578125,20.191860175803626
1,29,1,1.069500207901001,28.8829345703125,17.031863266082528
1,3,0,0.994671106338501,96.92158508300781,15.720124793986685
1,30,0,0.9728894233703613,55.1309814453125,20.243517783798797
1,31,1,0.876861572265625,21.8603515625,13.66407394600303
1,32,0,0.8638095855712891,58.76312255859375,20.265168193744874
1,33,0,1.037902593612671,48.575164794921875,17.200469720440534
1,34,0,0.655210018157959,43.43603515625,19.083980420512283
1,35,1,0.7998466491699219,39.98822021484375,22.011729838016546
1,36,0,0.85160231590271,63.6668701171875,13.135715474199554
1,37,1,0.6545655727386475,25.3292236328125,22.87241948086089
1,38,0,0.7361407279968262,58.374420166015625,20.06568676261622
1,39,1,0.30400753021240234,24.147857666015625,23.07116626805582
1,4,0,0.9146554470062256,82.1449279785156,17.511186106058616
1,40,0,0.9148614406585693,71.05769348144531,19.427027253141
1,41,0,1.136075735092163,56.213897705078125,18.106492777826407
1,42,1,0.4673135280609131,37.15863037109375,22.431159977767294
1,43,1,0.0666050910949707,21.97119140625,21.930593443334516
1,44,0,2.01969575881958,71.54522705078125,15.659413454458385
1,45,0,1.4880995750427246,70.86395263671875,14.67317352422765
1,46,0,1.0559828281402588,48.7900390625,13.989533491605338
1,48,0,1.3243310451507568,61.515960693359375,17.68459806469676
1,49,0,0.9440124034881592,41.88751220703125,21.862081509276056
1,5,0,1.346785068511963,82.42095947265628,14.920490106208604
1,50,1,0.3360562324523926,25.76727294921875,21.659860122447967
1,6,0,1.2610445022583008,70.88703918457031,16.169625451012102
1,7,0,0.894341230392456,77.047119140625,17.824817689955477
1,8,0,0.5798788070678711,54.152435302734375,19.20096976673041
1,9,1,0.5770728588104248,35.157928466796875,15.902062194509941
2,0,1,0.8162627220153809,51.463958740234375,17.107617660722212
2,1,1,0.9609766006469727,59.404815673828125,20.76963526543979
2,10,0,1.3600077629089355,69.34500122070312,19.880698133613354
2,11,1,0.3354353904724121,12.4468994140625,24.659822398169
2,12,1,0.6399610042572021,28.929229736328125,23.236654563368845
2,13,0,0.9145030975341797,62.559600830078125,20.62047042158064
2,14,0,0.9440314769744873,58.775115966796875,20.8615505847428
2,15,1,1.106527328491211,40.455169677734375,22.52527332264751
2,16,0,1.5974278450012207,70.08563232421875,20.50063812918123
2,17,1,1.234635353088379,38.888824462890625,22.84154199412777
2,18,1,1.1318984031677246,38.448211669921875,22.883591976090653
2,19,0,1.3579339981079102,56.7113037109375,21.446806024102948
2,2,0,1.5813789367675781,71.70822143554688,17.376278543371953
2,20,1,0.9128100872039795,26.677734375,23.70705817040211
2,21,0,1.5203728675842285,62.90948486328125,21.08315491611145
2,22,0,1.4906554222106934,47.1024169921875,19.003011170420386
2,23,0,1.363527774810791,52.29541015625,21.98414466714673
2,24,1,1.5343506336212158,42.598785400390625,22.23753044429453
2,25,1,1.0881378650665283,38.357635498046875,22.83670838672826
2,26,0,1.1071059703826904,55.74530029296875,21.17089903223998
2,27,1,1.6939363479614258,31.802978515625,17.245958433880194
2,28,1,0.4634590148925781,17.11468505859375,24.051351805080706
2,29,1,1.1328129768371582,32.994659423828125,23.09039873340197
2,3,0,0.7361350059509277,74.06294250488281,16.759857311023264
2,30,0,1.8757340908050537,63.463592529296875,21.324198858836237
2,31,1,0.880133867263794,31.329193115234375,23.03446635845817
2,32,1,1.5521903038024902,38.16290283203125,23.04904708122221
2,33,1,0.8448774814605713,37.146026611328125,22.76523220543087
2,34,0,2.2252984046936035,52.868743896484375,19.41495472266931
2,35,1,0.3706083297729492,20.165618896484375,23.839937274899846
2,36,1,0.4790675640106201,19.44189453125,24.19369745038049
2,37,0,1.6670260429382324,59.38409423828125,21.738891079782377
2,38,1,1.2656447887420654,29.304840087890625,18.559022479142655
2,39,1,1.0533692836761475,39.087371826171875,22.758838002895228
2,4,1,1.1841814517974854,49.835845947265625,21.987821570457474
2,40,1,0.7672667503356934,30.742950439453125,23.203564658808897
2,41,1,1.4366776943206787,33.736968994140625,23.28861466003504
2,42,0,0.9122681617736816,52.802398681640625,17.675333393855478
2,43,1,1.3880951404571533,33.845977783203125,23.154710878661792
2,44,0,1.1846797466278076,61.548370361328125,21.067493591904373
2,45,0,1.265714168548584,43.5009765625,22.018880896075405
2,46,1,1.2017815113067627,41.74212646484375,22.604476791356657
2,47,1,1.119727373123169,34.573150634765625,23.303646142148892
2,48,1,0.3189716339111328,15.376800537109375,24.21231050580271
2,49,0,0.752331018447876,66.6328735351563,19.960815556460958
2,5,1,1.0396754741668701,42.225555419921875,22.03177848247936
2,50,0,1.1361064910888672,52.1729736328125,21.57232238311721
2,6,1,0.4479830265045166,17.800994873046875,23.811606109342964
2,7,0,1.0581841468811035,69.47103881835935,20.203799542695943
2,8,1,0.9266762733459473,21.577545166015625,23.944328536486534
2,9,0,1.1544249057769775,47.331146240234375,16.35617108421115
3,0,1,0.2692885398864746,22.801330566406307,23.433864177205574
3,1,1,0.3519272804260254,21.145660400390625,23.92726121548029
3,10,0,0.8964173793792725,46.7431640625,17.30200971047928
3,11,0,0.7668211460113525,84.20939636230469,16.870863232381456
3,12,0,0.6408774852752686,45.445220947265625,21.296109792924373
3,13,1,0.44525718688964844,17.31982421875,24.074636306804084
3,14,0,0.8319172859191895,62.5135498046875,18.478857776627645
3,15,1,0.3033418655395508,17.335052490234375,24.523707516613655
3,17,0,0.8824052810668945,63.900421142578125,20.55609396925671
3,18,0,0.9441437721252441,56.089813232421875,20.915097127726224
3,19,0,0.9444797039031982,91.37174987792969,15.25168993950748
3,2,1,0.833336353302002,15.901947021484375,23.691994356978686
3,20,1,0.7846658229827881,41.057525634765625,22.373655487635954
3,21,0,0.7705109119415283,56.313629150390625,19.700156778305637
3,22,1,0.6239943504333496,44.740692138671875,16.333418416309947
3,23,0,0.8316943645477295,52.09564208984375,21.41863071530502
3,24,0,1.8272621631622314,63.134002685546875,21.403921406648006
3,25,0,0.9945933818817139,45.2698974609375,19.963600705228085
3,26,0,1.5843982696533203,52.551605224609375,21.758175437500526
3,27,1,0.17315173149108887,25.55560302734375,22.956513962928305
3,28,1,1.1980462074279785,32.3065185546875,17.344084894457634
3,29,0,1.6646769046783447,43.33984375,17.73600142674158
3,3,1,0.25339627265930176,15.71240234375,24.167678349385145
3,30,0,1.5873370170593262,55.41339111328125,21.59854611187857
3,31,1,0.8318684101104736,34.89788818359375,22.721599653539112
3,32,1,1.3752124309539795,34.726226806640625,23.02875780697733
3,33,1,1.2025516033172607,41.7362060546875,22.60588565323828
3,35,1,0.688894510269165,33.648529052734375,16.330186410310564
3,36,0,2.254333257675171,58.36181640625,21.62482330326747
3,37,1,0.5903780460357666,32.613067626953125,22.699679935510073
3,38,1,1.0899484157562256,47.31585693359375,15.340171498564494
3,39,0,0.7199342250823975,58.955780029296875,20.65047043535111
3,4,1,1.2185561656951904,24.730133056640625,24.118280524115555
3,40,1,0.7341156005859375,21.416015625,16.473162570210825
3,41,1,0.5797388553619385,21.490295410156307,14.382992828043065
3,42,0,1.662419319152832,76.8954162597656,19.611316686110776
3,43,1,0.9447190761566162,30.36395263671875,23.131572175511785
3,44,1,1.0906212329864502,25.696136474609375,17.35252377621387
3,45,1,0.49454426765441895,22.6507568359375,22.972290763929532
3,46,1,0.4815216064453125,15.971588134765625,14.546596641543205
3,47,1,0.43074893951416016,1.531951904296875,15.004809216898016
3,48,1,1.1195785999298096,33.450408935546875,23.028133434466998
3,49,0,0.7815606594085693,88.60203552246097,17.634433151144613
3,5,1,0.4480283260345459,21.9111328125,23.647645403455996
3,50,1,0.5643734931945801,80.30648803710935,18.59041674628138
3,6,0,1.6511282920837402,46.748931884765625,22.54963847674117
3,7,0,1.9018735885620117,43.16796875,17.94472144664259
3,8,1,0.25577759742736816,20.488128662109375,23.953284941405304
3,9,0,1.0406396389007568,73.99845886230469,19.513912047391777
4,0,0,1.2453806400299072,42.073455810546875,20.06147678420393
4,1,0,1.5390901565551758,41.680877685546875,19.050596572179106
4,10,1,0.16022515296936035,23.619232177734375,23.556299504427
4,11,0,1.5339000225067139,55.65728759765631,14.006922174359488
4,12,1,0.3195059299468994,24.28265380859375,22.561403988578014
4,13,1,0.39852380752563477,38.64385986328125,21.83026373078751
4,14,1,0.1093604564666748,33.56842041015631,22.401391667019038
4,15,0,1.325329065322876,73.87513732910156,16.31257849570924
4,16,0,1.2775025367736816,47.54931640625,18.996004049626766
4,18,0,1.2480735778808594,63.649993896484375,18.331442523284487
4,19,0,1.4417779445648193,69.16108703613281,17.357899803156723
4,2,0,1.4552955627441406,79.11422729492193,16.132811279288028
4,20,0,0.8006587028503418,73.40910339355469,19.380302762039907
4,21,0,1.614314317703247,48.3035888671875,18.241417080268317
4,22,0,1.410226821899414,43.817596435546875,16.324467491834742
4,23,0,1.200289011001587,44.65814208984375,20.201753723697866
4,24,1,0.045440673828125,36.38995361328125,21.64249949103533
4,25,1,1.3599293231964111,45.62664794921875,18.450738734038403
4,26,0,1.373448371887207,33.949859619140625,18.150363001790172
4,27,0,1.454779863357544,31.479644775390625,17.424938519974784
4,28,1,0.35160088539123535,41.49462890625,21.92528414958534
4,29,1,0.7971320152282715,35.017059326171875,22.29661369596028
4,3,0,2.3037850856781006,50.464874267578125,14.913805470555307
4,30,0,1.810378074645996,49.652618408203125,13.317699513229682
4,31,0,1.4055261611938477,27.652099609375,18.395263189324844
4,32,0,0.7834329605102539,71.25180053710935,19.261864677654895
4,33,0,0.6864743232727051,36.015899658203125,17.695448287160346
4,34,1,0.40045762062072754,25.457672119140625,13.852483459204011
4,35,1,0.1441183090209961,38.466156005859375,21.982357634217042
4,36,0,0.9119064807891846,60.599884033203125,20.413503119607427
4,37,1,0.5629777908325195,38.031097412109375,17.59197363928411
4,39,0,0.8003597259521484,70.4464111328125,19.133002260164535
4,40,0,0.9096484184265137,41.04241943359375,21.4378565236684
4,41,1,0.08009600639343262,45.447967529296875,21.066982312872565
4,42,0,0.9436266422271729,53.317169189453125,20.497893196194244
4,43,0,0.8510799407958984,49.003936767578125,20.844189511322124
4,44,0,0.6426386833190918,49.526885986328125,21.251669682968657
4,45,0,0.8935337066650391,42.01800537109375,21.408235471213693
4,46,0,1.4873764514923096,50.997772216796875,15.91508118983345
4,47,0,0.7844815254211426,47.57611083984375,21.20494616269351
4,48,0,1.6640169620513916,47.90960693359375,18.564198510350973
4,49,0,1.297684907913208,62.60723876953125,16.116602437207842
4,5,0,1.3890435695648193,42.728240966796875,17.51525856167561
4,6,0,1.9860692024230957,47.36279296875,14.175773040403172
4,7,0,1.5696146488189697,14.200897216796875,20.19953557504971
4,8,0,1.5023062229156494,18.304107666015625,19.725036711720318
5,0,1,1.2642719745635986,41.83172607421875,23.15165073704551
5,1,0,0.7051470279693604,52.71075439453125,21.595512214930444
5,10,1,0.5625977516174316,34.216033935546875,23.29094951073057
5,11,1,0.43108439445495605,33.648162841796875,22.38334376308436
5,12,0,1.218825340270996,38.846282958984375,20.978874002552935
5,13,0,1.1520838737487793,77.99191284179688,18.681171944583227
5,14,0,1.0081090927124023,61.98822021484375,20.697280405732528
5,15,1,0.49800753593444824,35.810333251953125,23.118728302168037
5,16,1,0.6718771457672119,21.8946533203125,24.23133165031547
5,17,1,0.6749954223632812,28.773468017578125,23.118655870923
5,18,0,0.5244431495666504,62.67486572265631,19.996402481818095
5,19,1,0.06198692321777344,14.631195068359375,24.83691261176525
5,2,1,0.48156070709228516,58.43109130859375,21.12573166673219
5,20,1,0.896622896194458,60.903594970703125,20.419550763229648
5,21,0,0.5734889507293701,49.2601318359375,22.016605951627987
5,23,0,1.5364537239074707,70.58375549316403,20.385290673067036
5,24,0,1.2160265445709229,66.07501220703125,19.933796726689746
5,25,0,0.9920074939727783,77.73455810546875,19.581232369691218
5,26,0,1.407707929611206,45.8287353515625,16.03247904814979
5,27,1,1.8877174854278564,21.409942626953125,19.05001336233819
5,28,1,1.0878725051879883,32.995361328125,22.050471202246957
5,29,1,0.33846259117126465,24.44549560546875,12.43658716797751
5,3,0,0.8316342830657959,70.10124206542969,20.254916819227542
5,30,0,1.2640678882598877,80.41842651367193,17.05793230074557
5,31,1,0.22399497032165527,38.660430908203125,20.558927911101467
5,33,1,0.848015308380127,52.948883056640625,18.5625098063144
5,34,1,0.864616870880127,35.63677978515631,23.37872797912719
5,35,0,1.2135968208312988,70.36274719238281,19.643155779167085
5,36,1,1.9875915050506592,39.727081298828125,23.833910120284656
5,37,0,0.48248934745788574,60.7109375,20.246629513866193
5,38,1,1.279545545578003,46.684356689453125,21.914699413762033
5,39,1,0.7179183959960938,36.874542236328125,22.628872657771044
5,4,0,0.6755259037017822,58.432769775390625,21.313789415167033
5,41,0,0.3707258701324463,64.68508911132812,20.017819985997683
5,43,0,1.4880986213684082,64.39474487304688,18.503308029762135
5,44,0,1.422699213027954,70.36955261230469,19.98725664865844
5,45,1,1.0845694541931152,48.020599365234375,22.118180397929276
5,46,1,0.11518192291259766,68.8154296875,19.83634706949039
5,47,0,1.82789945602417,55.24652099609375,21.94556856432236
5,48,1,0.306856632232666,43.055999755859375,22.10063996351735
5,49,1,0.7845818996429443,51.76025390625,21.86440279098147
5,5,1,1.330103874206543,43.171875,22.416967229163802
5,50,1,0.40056777000427246,30.369293212890625,23.441226800220033
5,6,0,2.0444393157958984,29.1807861328125,17.76174681931674
5,7,1,0.7368729114532471,24.045684814453125,22.778459571027707
5,8,0,1.0724501609802246,46.714080810546875,19.35031879038605
5,9,0,1.1199390888214111,77.26715087890628,17.74574267860349
6,0,0,1.4053361415863037,50.823883056640625,14.661782253033817
6,1,1,0.7692139148712158,60.762939453125,20.288106399440156
6,10,1,1.024057149887085,30.52227783203125,22.295755418079583
6,11,0,1.4420881271362305,65.97708129882812,17.079968422323905
6,12,1,1.026468276977539,45.265289306640625,21.17070668189746
6,13,1,0.33450865745544434,41.294281005859375,19.619731106591672
6,14,0,2.670952320098877,42.487945556640625,16.831831570892906
6,15,0,0.9955008029937744,57.2027587890625,19.605727791928953
6,16,1,0.24296331405639648,41.007049560546875,21.06803380772207
6,17,1,0.11235642433166504,44.132080078125,24.937655706220948
6,18,1,0.33770108222961426,35.3831787109375,21.90770781910336
6,19,0,1.7899065017700195,51.507965087890625,18.45488237998708
6,2,0,1.7738409042358398,45.50384521484375,20.43363529356147
6,20,0,1.8549363613128662,44.14605712890631,18.694641409607186
6,21,0,1.986710786819458,62.183319091796875,16.661884204746258
6,23,0,1.8722054958343506,62.003692626953125,17.44819879908458
6,24,1,0.44597792625427246,54.1683349609375,15.881769259752138
6,26,0,1.939640998840332,57.590179443359375,16.56519641467681
6,3,0,1.2472267150878906,56.71026611328125,19.580359858758364
6,30,1,1.1867966651916504,59.65228271484375,15.008103180040438
6,31,1,1.4562511444091797,35.751495361328125,22.937832755273185
6,35,1,0.39835190773010254,44.074493408203125,21.719698774409235
6,36,1,0.11310887336730957,44.564727783203125,21.173240327345393
6,37,0,1.2156717777252197,46.07379150390631,19.26183410565524
6,38,1,0.09865474700927734,46.407318115234375,14.472082088442328
6,39,0,1.810553789138794,61.5982666015625,18.706360645593634
6,41,0,2.131636619567871,38.629364013671875,17.751770740392462
6,43,0,2.061370849609375,39.057281494140625,19.04657079952343
6,44,1,1.1360273361206055,26.63616943359375,23.35310187808469
6,45,0,1.6803922653198242,38.75439453125,17.41951882578286
6,46,0,2.803292751312256,36.760009765625,11.040694021269278
6,47,0,2.978494644165039,49.647918701171875,13.149935844485274
6,5,0,1.27742600440979,65.14132690429688,20.73030560288321
6,50,1,0.12811541557312012,56.635009765625,20.133488725099642
6,6,0,1.2480340003967285,73.87228393554688,20.0507159995193
6,7,1,0.16045498847961426,28.67327880859375,22.420771912606245
6,8,1,1.3948500156402588,49.06402587890631,21.533777230731655
6,9,0,2.5614943504333496,54.6337890625,18.017396015279157
7,0,1,0.9603278636932373,39.564727783203125,20.540582116755154
7,1,1,0.9919214248657227,47.904510498046875,20.50101599491182
7,10,1,0.7183749675750732,40.751190185546875,21.217155124286247
7,11,0,1.9227752685546875,48.581024169921875,16.195159115224623
7,12,1,1.0720102787017822,42.876190185546875,21.794311302921844
7,13,1,0.9628033638000488,17.758087158203125,23.935076871231963
7,15,0,0.692129373550415,67.51296997070312,17.22806555051029
7,16,1,0.816504716873169,36.699554443359375,22.525401067360104
7,17,0,0.8141777515411377,87.53227233886719,17.873056045656035
7,18,1,0.7181837558746338,33.52783203125,16.551527592018964
7,19,1,2.286318778991699,26.69970703125,20.761737929833195
7,2,1,1.536517858505249,20.664520263671875,23.825739829860815
7,20,1,1.599985122680664,25.315002441406307,24.075369007728536
7,21,0,1.471252202987671,49.24462890625,21.985565719026216
7,22,1,0.689471960067749,28.521026611328125,15.708966224020822
7,23,1,0.8475804328918457,37.785308837890625,21.924800503533877
7,24,0,1.2965662479400635,69.14320373535156,20.129217899785477
7,25,1,0.8308060169219971,44.5831298828125,21.796051270558323
7,26,1,2.6243374347686768,-8.117340087890625,26.987997128068244
7,27,1,0.49330568313598633,37.6763916015625,22.118442118052844
7,29,1,1.3743064403533936,36.849334716796875,22.94106761120516
7,3,0,0.6704952716827393,80.99604797363281,18.440760524130866
7,31,0,1.166944980621338,82.95877075195312,18.771198600808535
7,32,0,1.0104563236236572,57.902496337890625,20.758323479743204
7,33,0,1.824190378189087,33.052734375,23.429247658546014
7,34,1,0.4329979419708252,26.4808349609375,23.06979026620993
7,36,0,0.847210168838501,73.42892456054688,19.42129276297044
7,37,1,1.5177371501922607,26.56121826171875,20.83057941944597
7,38,1,0.6561424732208252,21.99346923828125,22.603450309647013
7,39,1,2.1919755935668945,14.14044189453125,25.29105011989661
7,4,0,1.9521510601043701,37.25244140625,17.233802802507206
7,41,1,0.47791218757629395,12.191192626953125,24.289888198376282
7,42,1,1.02130126953125,30.559173583984375,23.197153195834943
7,43,1,1.7920749187469482,21.5546875,24.419861645048947
7,44,1,0.8160712718963623,37.204437255859375,22.4714835598057
7,45,1,0.7677156925201416,43.574432373046875,21.74403100439554
7,46,0,1.2160227298736572,53.25909423828125,21.347900099644946
7,47,1,0.19185781478881836,25.550872802734375,22.824065113339447
7,48,0,1.1839649677276611,66.6152954101563,20.165725965412157
7,5,1,0.6603868007659912,20.357635498046875,23.74400695641113
7,6,1,1.4683854579925537,7.66143798828125,24.983704617304127
7,7,1,0.6089558601379395,50.6990966796875,20.7418022421759
7,8,1,0.3676884174346924,29.619110107421875,22.108507753249388
7,9,0,0.7687077522277832,42.19415283203125,20.61745323441355
8,0,1,0.7556712627410889,87.51072692871097,18.06850421249883
8,1,1,0.546614408493042,48.616241455078125,21.97463670661243
8,10,0,1.1065795421600342,73.340087890625,19.126377769524023
8,11,1,1.392068862915039,36.897064208984375,23.088473236999963
8,12,0,2.543843984603882,82.43611145019531,21.245024041047735
8,13,0,0.994511604309082,60.744659423828125,17.56170264310529
8,14,1,0.30174779891967773,13.298126220703125,25.036043968763266
8,15,0,0.8159580230712891,56.37188720703125,21.374043335019113
8,16,0,1.935375452041626,35.37811279296875,16.54968868238686
8,17,1,1.3407554626464844,48.814178466796875,22.68660827077534
8,18,0,0.40184640884399414,66.96478271484375,19.908070233541665
8,19,0,0.6686956882476807,70.11662292480469,19.888228470422515
8,2,1,0.8157434463500977,12.113494873046875,24.89081057610168
8,20,0,0.6117339134216309,69.32907104492193,19.267397699501686
8,21,1,0.4293956756591797,41.118865966796875,21.551272514668238
8,22,1,0.4643983840942383,28.402893066406307,22.463854181289722
8,23,0,0.5610299110412598,56.155303955078125,21.32633683575051
8,24,0,0.5598247051239014,80.87602233886719,19.153943661517925
8,25,1,0.4171566963195801,38.137969970703125,21.297491569407406
8,26,0,0.7203161716461182,74.20204162597656,19.818328075899963
8,27,1,0.6086509227752686,28.546936035156307,14.788654117198314
8,28,1,0.4934060573577881,37.074981689453125,17.018807564825266
8,29,0,0.36789536476135254,65.61947631835938,20.04748136780066
8,3,0,1.7435953617095947,71.43867492675781,20.505072656045407
8,30,0,0.6730372905731201,51.735595703125,21.862247201445577
8,31,1,0.31895923614501953,9.64398193359375,14.940426872009567
8,32,0,0.5439338684082031,58.8494873046875,21.071337402241415
8,33,0,2.2406163215637207,89.29820251464841,20.341636647546196
8,34,0,0.6064918041229248,50.074371337890625,17.706302088328417
8,35,0,0.6372907161712646,76.45651245117193,18.93024943138347
8,36,0,1.1840267181396484,54.347137451171875,21.905956604631164
8,37,0,0.6881799697875977,75.90022277832031,18.841583841199807
8,38,1,0.3660900592803955,26.673736572265625,23.872784373647363
8,39,1,0.3872995376586914,12.840484619140625,25.14394377967973
8,4,0,0.48003649711608887,69.77339172363281,20.020601332939655
8,40,0,0.7223639488220215,59.843994140625,16.27880637379255
8,41,1,0.3711843490600586,21.865997314453125,24.245193080472095
8,42,0,0.6401779651641846,60.3333740234375,20.21970662697473
8,43,0,1.9519693851470947,35.243743896484375,17.687053825677477
8,44,0,0.6889081001281738,78.50808715820312,19.458470402161883
8,45,1,0.44701123237609863,44.037384033203125,22.352096727394986
8,46,1,0.41951537132263184,21.950531005859375,16.74453151085487
8,47,1,0.3677220344543457,19.482208251953125,24.296619107467933
8,48,0,0.4510512351989746,53.17828369140631,20.83978118660581
8,49,0,0.7005841732025146,39.75927734375,17.33096179937656
8,5,0,0.813551664352417,33.192718505859375,16.540692510523197
8,50,1,0.5136611461639404,39.35052490234375,22.69769110896043
8,6,1,0.33345675468444824,20.799774169921875,24.149916977374787
8,7,0,0.5279645919799805,46.584075927734375,16.7576631013853
8,8,0,0.41957616806030273,41.433258056640625,20.982256044382936
8,9,0,0.4327507019042969,19.51690673828125,16.758936196459157
9,0,0,1.2165391445159912,37.592803955078125,18.656865532792942
9,1,0,1.0405082702636719,43.003997802734375,15.977734670803612
9,10,1,0.40368032455444336,68.60791015625,19.65261981950753
9,11,1,0.7198283672332764,42.64886474609375,21.963149672920675
9,12,1,0.35349082946777344,46.321014404296875,21.466994167959697
9,13,0,0.6857390403747559,66.25830078125,19.875900273918727
9,14,0,0.7330529689788818,63.819000244140625,14.227760173744564
9,15,1,0.7839767932891846,36.087371826171875,14.959797579331607
9,16,1,0.4159529209136963,35.213958740234375,21.61317795651387
9,17,1,0.8170814514160156,56.485687255859375,20.89367157667814
9,18,1,0.38767266273498535,49.67181396484375,21.30579493876971
9,19,1,0.34934306144714355,15.0806884765625,15.234145821623924
9,2,0,1.244408369064331,71.63821411132812,19.38479964696007
9,20,1,0.32181739807128906,23.661651611328125,23.500230846165998
9,21,1,0.4331960678100586,33.610504150390625,22.34162120928815
9,22,1,0.4641249179840088,29.304931640625,22.925787910131127
9,23,1,0.3653554916381836,40.881439208984375,21.887218778743296
9,24,1,0.3545570373535156,24.784881591796875,14.283525189312645
9,25,0,1.3083932399749756,114.32418823242193,16.542827665610954
9,26,1,0.3855471611022949,45.4525146484375,21.627225771642106
9,27,0,0.764631986618042,86.49674987792969,18.12776897379966
9,28,0,0.9110496044158936,69.79069519042969,19.69614449874786
9,29,1,0.4773564338684082,62.223846435546875,20.37907844493122
9,3,0,1.8720405101776123,42.8370361328125,21.98064985838607
9,30,0,0.749610185623169,83.47877502441403,17.76194132482525
9,31,1,0.41621923446655273,48.19244384765631,21.431849379375684
9,32,1,0.3510878086090088,35.3214111328125,22.348873267589383
9,33,0,0.5321545600891113,64.34860229492188,16.699668973997877
9,34,1,0.44642210006713867,57.98822021484375,20.492841964376304
9,35,1,1.2001910209655762,42.172149658203125,22.19578572315867
9,36,1,0.335050106048584,20.70635986328125,14.996542417007007
9,37,1,0.3360300064086914,18.985412597656307,23.95893506069387
9,38,1,0.4160311222076416,46.05841064453125,14.930452067702001
9,39,1,0.3520679473876953,41.60687255859375,21.908554319415206
9,40,0,0.9733686447143555,61.430206298828125,20.566948932188186
9,41,0,0.6719653606414795,60.23095703125,17.11557584372011
9,42,0,1.3122682571411133,46.137969970703125,18.677926241267482
9,43,0,2.845486640930176,84.21926879882812,21.01527841631435
9,44,0,0.9923989772796631,84.15608215332031,18.710483945037286
9,45,1,0.48389768600463867,48.0313720703125,21.441621821444272
9,46,0,1.168497085571289,55.725860595703125,21.349877430138942
9,47,0,0.5604147911071777,61.35357666015631,20.21687000912419
9,48,0,0.5276947021484375,57.681182861328125,20.47792569150573
9,49,1,0.3698563575744629,29.261444091796875,15.106162755662611
9,50,1,0.38040876388549805,41.589996337890625,21.730806597652972
9,6,0,0.7494242191314697,53.596771240234375,17.08020453220262
9,7,0,2.4981184005737305,94.07795715332031,19.685528821131093
9,8,0,1.9173154830932617,57.15966796875,21.804110590270074
9,9,1,0.3489046096801758,22.175506591796875,15.061970761607693
10,0,1,1.1844286918640137,40.338897705078125,19.363567928469426
10,1,1,0.7845339775085449,46.582794189453125,21.00079920619863
10,10,1,0.5589213371276855,50.94793701171875,20.638458734726633
10,11,1,0.5765764713287354,15.463531494140625,23.390404431931906
10,12,1,0.3686084747314453,42.530853271484375,21.419692931594454
10,13,1,0.784449577331543,8.766448974609375,23.369818003757203
10,14,0,1.0080552101135254,84.90644836425781,17.925453033555776
10,15,1,0.6223080158233643,37.5208740234375,21.888051410420644
10,16,0,0.7706582546234131,68.1353759765625,19.639520205031975
10,17,0,1.5720126628875732,52.22344970703125,16.745164875150707
10,18,1,1.342142105102539,29.029693603515625,16.965400808517767
10,19,1,0.6878113746643066,30.3558349609375,15.474685499125865
10,2,0,0.7228367328643799,84.19236755371097,14.294633854928755
10,20,1,0.462646484375,35.673858642578125,22.297279394393314
10,21,0,0.9126214981079102,72.25299072265628,17.755944365574496
10,22,0,1.581282615661621,75.45437622070312,19.324021798574268
10,23,0,0.9918015003204346,74.23660278320312,18.846968810784617
10,24,0,0.6770386695861816,51.827392578125,20.671448862083466
10,25,0,2.093921661376953,52.53076171875,17.640418398052685
10,26,1,0.32029128074645996,32.2818603515625,22.170763986367067
10,27,0,0.5283458232879639,43.195526123046875,21.315980324163036
10,28,1,0.8009603023529053,33.060272216796875,22.325690513139705
10,29,0,1.8723852634429932,52.65814208984375,18.408769189490595
10,3,0,1.1035823822021484,58.23992919921875,19.230297191866896
10,31,1,0.18985247611999512,40.749481201171875,19.119836534576017
10,32,1,0.5896496772766113,43.441436767578125,21.580510009925405
10,33,0,1.0088307857513428,57.560577392578125,20.54976279628529
10,35,0,1.085289716720581,82.65184020996097,18.8092408517404
10,36,1,0.4813873767852783,30.97784423828125,19.438179329148358
10,37,1,0.8773987293243408,31.2418212890625,22.421924990909538
10,38,0,1.311795949935913,59.354766845703125,17.46600708347841
10,39,0,0.749711275100708,64.1065673828125,19.78594316646761
10,4,1,0.5321993827819824,34.865325927734375,22.09328558803226
10,40,0,2.9604313373565674,49.97943115234375,21.109044832159007
10,41,0,0.5449819564819336,59.42071533203125,19.88377648133848
10,42,1,0.4963650703430176,22.32293701171875,17.828225392671225
10,43,1,0.8000748157501221,30.91290283203125,21.599592578004593
10,44,1,1.026550531387329,28.645660400390625,20.62752077190111
10,45,0,1.0562422275543213,87.21435546875,18.10602131908284
10,46,0,1.132688283920288,67.49163818359375,17.500563314321468
10,47,1,0.8012943267822266,33.09564208984375,21.58421862867827
10,48,1,0.6065499782562256,25.22967529296875,20.400628022155285
10,49,0,2.3043770790100098,67.48703002929688,15.816594850164446
10,5,0,1.1679987907409668,55.384246826171875,20.786662161887282
10,50,0,0.6700623035430908,47.721710205078125,13.954610787674468
10,6,0,0.6909208297729492,51.9173583984375,20.56463267892227
10,7,1,0.5583000183105469,19.588439941406307,12.896524477620483
10,8,1,0.6266200542449951,43.42230224609375,13.590939377389905
10,9,0,1.0419628620147705,94.13162231445312,16.09004247453339
11,0,1,1.0750737190246582,41.942474365234375,16.167579992396877
11,1,1,1.0688085556030273,36.868682861328125,22.73743782934771
11,10,1,0.4649472236633301,7.096405029296875,14.249223780099705
11,11,1,0.2355952262878418,26.5418701171875,22.69763259209717
11,12,1,1.0088019371032715,43.404022216796875,22.168643088296857
11,13,1,0.46494150161743164,12.854949951171875,25.024303323098152
11,14,1,0.5289764404296875,34.8927001953125,22.415354999007683
11,15,0,0.5141644477844238,66.79171752929688,19.538064398138385
11,16,1,1.5050010681152344,28.0340576171875,17.153327323059635
11,17,1,0.451343297958374,7.953399658203125,14.872464480901755
11,18,1,1.1041412353515625,57.17828369140631,20.945441245544554
11,19,0,0.4486706256866455,81.3233642578125,18.125466022861264
11,2,0,0.8928606510162354,88.63258361816403,17.87499609545271
11,20,1,0.3864595890045166,25.3876953125,23.199402746502354
11,21,1,0.7043683528900146,29.939208984375,15.976354636694916
11,22,0,1.3757069110870361,60.343505859375,20.456364774038605
11,23,0,1.280620813369751,73.30859375,19.514147374941306
11,24,0,1.0080018043518066,53.291595458984375,21.469614650006864
11,25,1,2.0286753177642822,44.313751220703125,20.16165583578112
11,26,0,1.2001404762268066,66.27713012695312,20.177548108059742
11,28,1,0.41629981994628906,35.5208740234375,22.00228006726324
11,29,1,0.5896389484405518,16.13714599609375,23.886681833146497
11,3,0,0.5601048469543457,130.35545349121097,13.450266297428188
11,30,1,0.46382617950439453,18.033660888671875,14.380794338122282
11,31,1,0.3201308250427246,13.6824951171875,15.05984878212119
11,32,1,0.32012462615966797,29.977081298828125,22.726001451473202
11,33,1,0.3365662097930908,19.749725341796875,14.799683391784939
11,34,0,2.064114570617676,59.50299072265631,21.535754098558
11,35,1,1.1652202606201172,42.554473876953125,20.946619119014695
11,36,1,0.352062463760376,32.1414794921875,22.58602054694218
11,37,1,0.4989051818847656,30.587493896484375,15.118070253711531
11,38,1,1.3439877033233643,37.16473388671875,22.72569377771946
11,39,1,0.3832864761352539,12.447845458984375,14.908089454453927
11,4,1,0.47746896743774414,32.173126220703125,15.399657323776367
11,40,0,0.8330810070037842,89.56448364257812,17.655963534047256
11,41,0,0.6434741020202637,65.972412109375,19.916837480222732
11,42,0,0.9929158687591553,61.596343994140625,20.488695673953018
11,43,1,0.7040159702301025,37.26904296875,21.506598295728857
11,44,1,1.7152409553527832,36.08349609375,22.627838040891795
11,45,1,1.0707824230194092,30.776397705078125,15.606141022529481
11,46,1,0.35215210914611816,34.64495849609375,22.231724517303622
11,47,1,0.64095139503479,33.573822021484375,22.545912526039295
11,48,1,0.9467604160308838,31.449310302734375,16.427172759608037
11,49,1,2.271483898162842,33.05303955078125,23.55440591853106
11,5,0,0.4313337802886963,76.31979370117193,18.70722602449308
11,50,0,1.5683481693267822,74.2833251953125,20.009855111822265
11,6,1,1.0259432792663574,33.91632080078125,22.884170388675187
11,7,0,0.6367712020874023,89.69004821777344,17.453616021569474
11,8,1,0.7694172859191895,22.22161865234375,16.50861033440424
11,9,0,0.5900173187255859,73.63389587402344,18.990928331395956
12,0,0,0.46404218673706055,32.11163330078125,9.171621200723727
12,1,0,1.2639763355255127,77.2557678222656,10.423232563741301
12,10,0,2.2558910846710205,55.74957275390631,15.240191875409803
12,12,0,0.7846791744232178,42.440277099609375,15.929345072850067
12,13,0,0.8486416339874268,79.96336364746097,17.228767891036977
12,14,0,1.070493221282959,88.53306579589841,17.689140033378187
12,15,0,1.1324176788330078,88.7896728515625,15.473339464935039
12,16,0,0.5253777503967285,42.0399169921875,13.310205877754814
12,17,1,0.49684596061706543,38.20904541015631,22.01868605763787
12,18,1,0.0,47.567169189453125,20.136024106822116
12,19,0,1.4841949939727783,34.657073974609375,14.89738561587823
12,2,0,1.0085177421569824,90.74519348144531,11.175093040431317
12,20,0,0.6714885234832764,47.913238525390625,21.01646162183671
12,21,1,0.8826422691345215,28.268646240234375,16.20248630828911
12,22,0,0.6586635112762451,63.0615234375,19.60029986956246
12,23,0,0.9316360950469971,82.23112487792969,18.520212022623635
12,24,0,0.7037489414215088,45.415374755859375,21.361707514241047
12,25,0,0.6881389617919922,63.802032470703125,19.762341682734576
12,26,1,0.3003854751586914,35.339874267578125,22.191911919991465
12,27,0,0.6275556087493896,64.681640625,19.66641340586432
12,29,0,1.154658555984497,68.38589477539062,19.70515313447545
12,3,0,1.1200706958770752,33.87457275390631,14.009891540381583
12,30,0,0.5605130195617676,85.29544067382812,17.560685383641424
12,31,0,1.5070075988769531,92.28390502929688,15.148883626850086
12,32,0,0.6863882541656494,100.85629272460935,15.767491995475925
12,34,0,0.7662999629974365,87.95751953125,17.532777925754207
12,35,0,0.7520265579223633,40.32403564453125,21.934988866065446
12,36,0,0.6880555152893066,66.34417724609375,19.526609163025594
12,37,0,0.7540991306304932,76.8863525390625,18.815662120818295
12,38,0,1.1705243587493896,71.94194030761719,16.646521603614048
12,39,1,0.3690199851989746,44.833038330078125,21.153875554167684
12,4,1,0.429196834564209,35.982513427734375,21.93058649286602
12,40,1,0.47940540313720703,21.555328369140625,23.295940390255296
12,41,1,0.39993715286254883,16.377532958984375,24.111326661086764
12,42,1,0.8797221183776855,29.906402587890625,14.922541429685676
12,43,0,0.7014667987823486,90.4725646972656,17.480147839614883
12,44,0,1.0079293251037598,67.77978515625,19.951674679481247
12,45,1,0.4781324863433838,26.382415771484375,22.79799419879807
12,49,0,0.5607612133026123,53.6781005859375,13.896151001318868
12,5,0,0.7523617744445801,55.318359375,20.449908924138395
12,50,0,1.168337106704712,84.00411987304688,18.72593602503766
12,6,1,0.47804951667785645,15.602142333984375,23.995333128232936
12,7,0,2.7867279052734375,51.811126708984375,19.814340398401697
12,8,0,1.1360106468200684,58.87371826171875,20.685637073389213
12,9,0,1.219142198562622,36.449737548828125,18.195922477619995
13,0,0,1.64778470993042,42.512603759765625,8.499711260192038
13,1,0,2.111717939376831,26.182281494140625,7.4560175485511895
13,10,0,1.1990091800689697,36.365875244140625,13.970066570327884
13,11,0,1.6504342555999756,52.07659912109375,12.352936947339714
13,13,0,1.0884795188903809,53.659881591796875,15.160142831747415
13,14,0,1.9042091369628906,43.525360107421875,11.74424984068512
13,17,0,1.1385414600372314,57.78570556640631,14.158718399994067
13,18,0,1.4388868808746338,33.8739013671875,13.276074658549756
13,19,0,0.6860678195953369,36.550933837890625,17.643662661812847
13,2,0,1.4241297245025635,38.0887451171875,8.75134099540965
13,20,0,0.9918947219848633,36.07208251953125,14.697885222277696
13,21,0,1.0235741138458252,25.756439208984375,17.30957733166146
13,22,0,2.717999219894409,51.99310302734375,20.205502960264855
13,24,1,0.16284728050231934,13.981201171875,12.999936812480582
13,25,1,0.7331256866455078,24.8697509765625,16.895411460454696
13,26,1,0.6701910495758057,26.050933837890625,18.39475627332906
13,27,0,0.6270413398742676,44.169464111328125,16.496160423948144
13,28,1,0.8774127960205078,25.5047607421875,17.582799488903454
13,29,0,0.7817535400390625,45.456634521484375,14.940051369275384
13,3,0,1.4274725914001465,48.86370849609375,8.89098421535381
13,30,1,0.7546305656433105,21.201690673828125,19.528415010806878
13,31,1,0.6080894470214844,5.071197509765625,14.12124535657324
13,32,0,0.6437900066375732,43.406036376953125,17.490447907037368
13,33,0,1.0585949420928955,48.309234619140625,16.496537328086326
13,34,0,0.701554536819458,62.54827880859375,19.6588873136308
13,36,1,0.6708800792694092,23.0247802734375,22.86727601515207
13,37,0,0.8802125453948975,42.18243408203125,16.076456035188077
13,38,0,2.5763354301452637,53.374664306640625,16.575845498377728
13,39,0,0.8980569839477539,45.963653564453125,19.112868804560282
13,4,0,1.6325721740722656,32.54473876953125,10.366311939274526
13,40,0,1.0083863735198975,49.8631591796875,19.556870111543816
13,41,1,0.5599958896636963,26.5537109375,19.292549001630913
13,42,1,0.6709251403808594,31.39044189453125,21.05364295174223
13,43,0,1.5837671756744385,59.976837158203125,17.949803004267014
13,44,0,0.7039909362792969,44.355377197265625,21.471805535448105
13,45,0,0.5919687747955322,60.06378173828125,18.07156537762301
13,46,0,1.5056073665618896,56.654388427734375,17.64720937279569
13,47,0,1.3420798778533936,25.1512451171875,15.064832638442688
13,48,0,0.608057975769043,30.703125,14.259265386543696
13,49,0,1.0055935382843018,66.92825317382812,18.913862476668296
13,5,0,1.0693511962890625,45.16015625,8.34027965987395
13,50,1,0.8833491802215576,21.580139160156307,20.627117991836393
13,6,0,1.6782152652740479,56.661346435546875,9.79416935367493
13,7,0,0.9093325138092041,44.999481201171875,10.481204158916059
13,8,0,1.923459768295288,50.07452392578125,10.767126679339464
13,9,0,1.0744786262512207,47.58734130859375,10.940344666049647
14,0,0,1.4371027946472168,65.78610229492188,17.115943133994133
14,1,1,1.391016960144043,27.94476318359375,23.012184377703182
14,10,1,0.6876764297485352,43.880096435546875,22.564471643037223
14,11,1,0.24301862716674805,29.21722412109375,23.43782201084159
14,12,1,1.292494535446167,34.384429931640625,22.846415245378303
14,13,1,0.6592092514038086,25.339080810546875,22.88844633254737
14,14,1,0.79998779296875,23.418548583984375,16.874349048145962
14,15,1,1.0247492790222168,26.89483642578125,23.409721337223665
14,16,0,1.7791635990142822,71.35623168945312,18.662568096313255
14,17,0,1.7161157131195068,50.7088623046875,19.860013348340832
14,19,1,0.9293351173400879,37.08856201171875,22.26421433180939
14,2,0,1.602778673171997,78.85055541992193,18.530780037652526
14,20,1,0.480022668838501,49.634002685546875,20.887651521561256
14,21,0,2.5788400173187256,36.045257568359375,15.065485353722705
14,22,0,1.3272130489349365,54.3280029296875,20.74804145605235
14,23,1,1.6614160537719727,12.897674560546875,24.84188318439465
14,24,0,2.3188984394073486,37.463043212890625,17.00499676866961
14,25,0,1.9364345073699951,40.171875,16.123236768596172
14,26,0,1.3111598491668701,62.3697509765625,18.678181236241727
14,27,1,0.6535801887512207,42.562042236328125,21.55657850034726
14,28,0,1.49216890335083,51.0291748046875,21.64539072330722
14,29,0,1.8746485710144043,55.827362060546875,21.788910701699606
14,3,0,2.176457166671753,57.2076416015625,17.1436268763924
14,30,1,0.49691295623779297,34.977813720703125,15.562329746774182
14,31,0,0.8481051921844482,79.79527282714841,18.83500271251866
14,32,0,1.5070888996124268,60.473236083984375,16.324512153609454
14,33,1,1.5520210266113281,33.55419921875,22.70798632425766
14,35,0,1.727933406829834,74.40310668945312,19.343700155709918
14,36,0,2.0478105545043945,54.743865966796875,19.09999132426014
14,37,1,0.8934221267700195,36.403564453125,21.837120344938718
14,38,0,0.831618070602417,64.00958251953125,16.90594831508738
14,40,0,1.311997413635254,73.6029357910156,18.90566041602914
14,41,1,0.7049152851104736,28.805389404296875,22.870276494618675
14,42,0,0.9785885810852051,68.76046752929688,19.63392059093552
14,43,1,1.3568501472473145,37.874298095703125,22.123516964946887
14,44,1,0.2392435073852539,36.066680908203125,22.16598965508907
14,45,0,1.1366779804229736,69.10633850097656,20.634780757152758
14,46,1,1.1035223007202148,17.380157470703125,23.318182473606093
14,47,1,0.36501097679138184,21.159881591796875,23.530035423128652
14,48,1,0.640756368637085,27.929107666015625,23.333897198477977
14,49,1,0.20549917221069336,25.126861572265625,23.048468442707975
14,5,1,0.5280725955963135,36.66558837890631,21.91089735531512
14,50,1,0.0,40.2933349609375,22.210537285244758
14,6,1,0.44582319259643555,30.493438720703125,22.452954551229194
14,7,1,1.3626210689544678,39.484649658203125,22.438373737659884
14,8,1,1.2481389045715332,39.51593017578125,18.107742662702265
14,9,1,0.7024509906768799,20.47314453125,16.696327357175274
15,0,1,1.0530164241790771,40.995635986328125,15.114674049916763
15,1,1,0.5090317726135254,21.57958984375,14.46063749456735
15,10,1,0.688098669052124,25.165771484375,13.503637357883068
15,11,0,2.354649782180786,44.2615966796875,15.67886121796101
15,12,0,1.0234529972076416,72.87356567382812,18.79523190863313
15,13,0,0.18943142890930176,56.136810302734375,16.5432840487733
15,14,0,2.208508014678955,64.1089477539063,17.915422533893
15,15,0,0.3995051383972168,74.54811096191403,17.332727382680314
15,16,0,2.210186719894409,36.2786865234375,19.020857212172345
15,17,1,2.2917940616607666,15.216094970703125,17.12122504598712
15,18,0,1.5856029987335205,70.33695983886719,18.890683575067957
15,19,0,1.1013059616088867,51.025726318359375,15.026363966164064
15,2,0,1.1669180393218994,47.144134521484375,21.320340344319856
15,20,0,0.6884233951568604,53.47747802734375,13.49811289269833
15,21,0,1.3466179370880127,34.6328125,15.011917970339281
15,22,0,1.2827484607696533,80.76190185546875,13.573241066039461
15,23,1,0.6880872249603271,15.82647705078125,14.451207227373633
15,24,0,1.5706286430358887,88.36781311035156,14.673508522207321
15,25,0,1.7287888526916504,47.94329833984375,16.136424971268244
15,26,0,2.0482611656188965,73.23442077636719,13.596725104283488
15,27,0,1.2346107959747314,48.650360107421875,12.021168346151239
15,28,0,1.2007849216461182,35.140472412109375,15.303904809060633
15,29,0,2.2090468406677246,50.043670654296875,16.416158766955657
15,3,0,1.0240793228149414,75.49354553222656,16.824633084105884
15,30,0,2.2692513465881348,52.8145751953125,13.126071207643133
15,31,0,2.8774218559265137,55.708984375,13.38938001685843
15,32,0,1.7116405963897705,63.5877685546875,13.588744622152223
15,33,0,1.5524377822875977,60.8758544921875,15.65366190007013
15,34,0,1.2004613876342773,97.54093933105469,13.01448916834792
15,35,0,1.8436493873596191,34.936248779296875,10.774062708032636
15,36,1,0.5580217838287354,4.87200927734375,10.799395107749218
15,37,0,2.851392984390259,43.807098388671875,17.06740745346455
15,38,0,1.5015206336975098,85.39469909667969,13.377368976128611
15,39,0,2.4639105796813965,63.713134765625,10.11900137699905
15,4,0,1.3935952186584473,57.702423095703125,9.80948416906227
15,40,1,1.5350091457366943,16.686126708984375,14.038327861410885
15,41,0,2.096146821975708,49.817474365234375,14.514894261733396
15,42,0,2.3034698963165283,68.30020141601562,14.904872887898307
15,43,1,2.175779104232788,33.08245849609375,13.183197387075527
15,44,0,1.952789306640625,100.20848083496097,16.533207019689353
15,45,0,1.3119134902954102,19.2581787109375,17.41387861310076
15,46,0,0.6735634803771973,56.59747314453125,15.811360962817021
15,47,0,0.8291115760803223,65.89422607421875,16.467919856348438
15,48,0,0.9609909057617188,84.21099853515628,15.338354112502321
15,49,1,1.1011667251586914,18.406524658203125,18.48468623492591
15,5,0,0.7193419933319092,65.54339599609375,18.312504557215632
15,50,0,1.6488869190216064,62.39862060546875,20.43429538469513
15,51,0,1.072448492050171,54.393890380859375,13.54350833012868
15,6,1,0.30318117141723633,21.400848388671875,12.353111580310653
15,7,0,0.689030647277832,66.8358154296875,18.13109533758455
15,8,0,0.5577907562255859,36.068572998046875,14.464880689079628
15,9,0,0.3873131275177002,51.173858642578125,19.135297434652212
16,0,0,1.7571277618408203,32.52874755859375,14.291529483262188
16,10,1,0.06387472152709961,32.354156494140625,20.950431410171742
16,11,0,1.3267948627471924,58.1898193359375,16.41875346717331
16,12,0,1.1063945293426514,42.00457763671875,14.608456772477115
16,14,0,2.7199411392211914,50.109832763671875,14.279600264794123
16,15,0,1.5225391387939453,41.768280029296875,16.97119163102184
16,16,1,0.6548163890838623,33.787628173828125,20.744996196249144
16,17,1,1.901160478591919,4.3489990234375,16.763019550058736
16,18,0,1.822312831878662,68.3424072265625,16.24330257663538
16,19,1,0.7678179740905762,31.832794189453125,21.195696390246923
16,2,1,0.3020961284637451,26.2509765625,17.73096206646171
16,20,0,1.536034107208252,65.62167358398438,15.826076797390455
16,21,0,1.0389683246612549,81.9185791015625,15.996924319699582
16,22,1,0.43170738220214844,29.599395751953125,21.22872105349945
16,23,1,0.6745619773864746,32.972412109375,19.19572050188429
16,24,0,1.5044784545898438,39.885833740234375,17.52758579503269
16,25,1,0.3803107738494873,20.212188720703125,20.22828652704692
16,26,1,1.1998465061187744,26.772705078125,17.564841172887554
16,27,1,0.898653507232666,31.786529541015625,17.792720093864432
16,28,0,1.344501256942749,21.914703369140625,12.7805122194985
16,29,0,1.282367467880249,65.52908325195312,15.370924014417575
16,3,1,0.7042758464813232,23.19415283203125,14.442521278544335
16,30,0,0.9439101219177246,81.52146911621097,16.812898255506035
16,31,1,0.6392714977264404,34.806243896484375,19.505313990676157
16,32,1,0.68868088722229,35.490447998046875,17.933219915752776
16,33,1,0.909306526184082,24.0009765625,10.711248099655592
16,34,0,0.7546730041503906,71.43934631347656,17.040874570350624
16,35,0,0.9280896186828613,65.03317260742188,15.047390585413398
16,36,0,1.1978023052215576,74.71894836425781,13.245150446673035
16,37,0,2.063939332962036,71.19398498535156,13.221822539908434
16,38,0,1.3254265785217285,83.33586120605469,12.434786023888826
16,39,0,1.262608289718628,62.594390869140625,13.14529495710732
16,40,0,1.3433144092559814,72.83457946777344,15.366306022626606
16,41,1,0.8037331104278564,42.45416259765631,17.29536162383951
16,42,0,0.943955659866333,58.394317626953125,15.680801429418107
16,43,1,0.6251883506774902,27.7115478515625,19.177819893966564
16,44,1,1.8861393928527832,27.29443359375,17.749527046661587
16,45,1,1.1989901065826416,35.178741455078125,21.06076141770762
16,46,0,0.8826839923858643,43.029449462890625,17.094871113230802
16,47,1,0.39900994300842285,14.313537597656307,22.568011508466135
16,48,1,0.989361047744751,11.93377685546875,13.573570434923454
16,5,0,1.8542146682739258,53.850799560546875,11.576605719989542
16,50,0,1.5681791305541992,62.5374755859375,11.401576108862526
16,51,0,1.5349812507629395,55.740997314453125,15.057908257258555
16,6,0,1.3119869232177734,59.16851806640631,15.407593344744102
16,7,1,1.2487359046936035,28.142120361328125,22.627515072406826
16,8,0,1.6312079429626465,49.20794677734375,15.258824178540504
16,9,1,0.6556417942047119,34.933441162109375,19.970920757247523
17,0,1,0.43220996856689453,1.6444091796875,19.596726564530186
17,1,0,0.6888124942779541,59.09613037109375,20.204539850750034
17,10,0,1.0266838073730469,54.675140380859375,20.97679666849814
17,11,0,1.3445558547973633,81.48359680175781,16.02725530077387
17,12,1,0.7684459686279297,26.33837890625,23.560106181406056
17,13,0,0.8775589466094971,39.04437255859375,22.863291760443147
17,14,0,0.4846484661102295,58.005584716796875,21.140819619325736
17,15,1,0.8939056396484375,29.544464111328125,23.404325153804944
17,16,1,0.4613163471221924,19.235900878906307,23.88144723146052
17,17,0,1.681020736694336,49.71392822265631,20.805618695492864
17,18,1,0.4809715747833252,15.92999267578125,24.83962348039385
17,19,0,0.9734311103820801,49.71337890625,21.830238701855574
17,2,1,0.8619530200958252,33.71099853515631,22.661940488252863
17,20,1,0.6239974498748779,14.004150390625,12.541661463354401
17,21,1,2.018789768218994,28.447509765625,20.836903154159128
17,22,0,0.9758353233337402,25.422515869140625,16.696935661429155
17,23,0,0.8651838302612305,31.393615722656307,15.510778989327669
17,24,1,0.5635724067687988,16.312774658203125,24.808309263519714
17,25,0,1.680044412612915,24.9737548828125,23.108888676310304
17,27,0,0.8480112552642822,41.340850830078125,16.886488536422764
17,28,0,1.3125808238983154,37.81695556640631,22.60010088343105
17,29,0,1.505610704421997,67.6912841796875,20.484345513257665
17,3,1,0.4000108242034912,10.72674560546875,24.70808796763783
17,30,0,0.7071044445037842,51.79864501953125,16.273310063734197
17,31,0,0.44861483573913574,24.80859375,23.09937167007213
17,32,0,1.1364428997039795,72.87071228027344,19.550534671796854
17,33,0,0.5465943813323975,36.36822509765631,22.368849351320044
17,34,0,1.581322431564331,30.42852783203125,18.846119617124153
17,35,0,1.0101370811462402,84.04548645019531,18.47785859765465
17,36,0,1.0077288150787354,79.49311828613281,18.07517409719227
17,37,0,0.5920133590698242,47.93109130859375,20.458638355695197
17,38,1,0.6079084873199463,29.516632080078125,17.050859115265748
17,39,0,0.8343920707702637,45.649658203125,17.0040731870693
17,4,0,0.8610250949859619,51.668731689453125,21.871503339803017
17,40,0,0.9566512107849121,68.89871215820312,19.360296736166156
17,41,0,0.5733788013458252,62.066009521484375,20.273523103641477
17,42,0,0.5148928165435791,68.03964233398438,19.423712137985472
17,43,0,0.7533478736877441,68.0596313476563,19.789836288164036
17,44,1,0.6077754497528076,43.094940185546875,21.51953203916699
17,45,1,0.5449016094207764,18.651916503906307,15.282437430741464
17,46,0,1.087580680847168,60.2088623046875,19.79567177573642
17,47,0,0.8975553512573242,44.01397705078125,22.522545652030015
17,48,0,0.6885616779327393,79.39080810546875,18.7409520290407
17,49,0,1.8529326915740967,55.96319580078125,21.586711370891162
17,5,0,2.8452742099761963,67.42620849609375,20.368706289858398
17,50,0,0.9767107963562012,55.140594482421875,20.901544426218443
17,6,0,0.8639929294586182,55.373504638671875,15.550742635239757
17,7,0,1.1332123279571533,52.240447998046875,21.132203102488198
17,8,1,0.3064241409301758,15.858642578125,24.00480660432317
17,9,0,1.0751020908355713,74.61079406738281,19.47403300755635
18,0,1,0.5262355804443359,14.664642333984375,22.962361526529534
18,1,1,0.3034358024597168,7.209197998046875,12.357684755367401
18,10,0,1.197218894958496,60.432464599609375,20.24813227388761
18,11,1,0.9281976222991943,54.71905517578125,19.788534434014775
18,12,1,0.3231799602508545,1.857177734375,14.726031218947707
18,13,0,1.1064200401306152,83.47726440429688,18.52995125305554
18,14,1,0.36792635917663574,17.004425048828125,14.005128979529122
18,15,1,0.41991090774536133,31.499053955078125,17.517819399214943
18,16,1,0.5306417942047119,53.358917236328125,19.640102736762433
18,17,1,0.5167751312255859,10.79388427734375,12.89635431535315
18,18,1,0.5439803600311279,55.43548583984375,16.27065971608881
18,19,1,0.7997653484344482,30.806549072265625,15.747444771159497
18,2,1,0.6585953235626221,47.5107421875,20.076303365137363
18,20,1,0.7545998096466064,37.79327392578125,18.96232822211071
18,21,0,0.7211668491363525,55.02978515625,18.07785659273098
18,22,0,1.0740973949432373,45.9541015625,14.8046964183352
18,23,0,0.8803231716156006,51.2401123046875,16.637509586889283
18,24,1,0.40023016929626465,10.6356201171875,24.50021134376136
18,25,0,1.055901288986206,50.54815673828125,17.93465383110217
18,26,1,0.6384644508361816,33.165252685546875,13.342680198413658
18,27,1,0.9575207233428955,36.895721435546875,13.931316582041752
18,28,1,0.6109006404876709,20.276580810546875,13.254847680313333
18,29,0,1.1870102882385254,72.78277587890628,18.602952903032673
18,3,0,0.8955264091491699,77.85578918457031,19.23044673039431
18,30,1,0.9092326164245605,36.909393310546875,12.334899172190273
18,31,0,0.624030351638794,56.33697509765631,16.216384174466302
18,32,0,1.201078176498413,58.63165283203125,18.009140876081364
18,33,0,1.026757001876831,73.69659423828125,19.19616908641417
18,34,0,1.2468156814575195,33.417572021484375,17.525687171088
18,35,1,0.6409413814544678,42.748748779296875,17.759354110003944
18,36,0,2.188596725463867,62.64776611328125,19.429973457489286
18,37,0,1.2958877086639404,63.462860107421875,16.268142460714973
18,38,1,0.7333924770355225,37.3314208984375,22.64718995904695
18,39,1,1.0692100524902344,39.27276611328125,22.594541444511613
18,4,0,1.0396947860717773,61.774261474609375,15.579592832814885
18,40,0,1.536020040512085,65.97747802734375,20.345771113072683
18,41,1,1.2639520168304443,32.912384033203125,23.38557152114826
18,42,1,0.9439804553985596,31.579254150390625,23.2586794067772
18,43,1,0.448199987411499,16.044647216796875,24.265633995876946
18,44,1,0.9917993545532227,35.795013427734375,22.918480445325223
18,45,1,0.7974615097045898,25.489288330078125,23.720517663993736
18,46,1,0.5600008964538574,24.09307861328125,23.59904523606658
18,47,1,1.025425910949707,33.687713623046875,22.960844107646103
18,48,0,1.4562733173370361,54.654998779296875,19.798035427951888
18,49,0,2.6080102920532227,56.9324951171875,21.86484282995928
18,5,1,0.7062802314758301,46.230499267578125,16.349225667680212
18,50,1,1.3424246311187744,28.17205810546875,23.50293684208652
18,6,1,1.1680023670196533,48.2740478515625,20.58756467008942
18,7,0,1.071995496749878,84.93220520019531,16.51869819962276
18,8,0,1.0370571613311768,58.42254638671875,18.536350508945958
18,9,0,1.2156293392181396,64.86712646484375,20.225237950439652
19,0,1,2.7495503425598145,23.586486816406307,22.483479578231403
19,1,1,2.5636072158813477,26.0323486328125,25.04242154596649
19,10,0,2.7521438598632812,45.343963623046875,21.885473714855273
19,11,0,0.9892821311950684,47.231536865234375,21.720317393817595
19,12,0,0.9916422367095947,40.17437744140631,22.261138864771276
19,13,1,0.2214512825012207,15.753479003906307,13.29927941649434
19,14,0,1.8235735893249512,50.811614990234375,22.11479903203882
19,15,1,0.8801703453063965,14.9046630859375,24.514428128392552
19,16,1,0.5773146152496338,35.440521240234375,22.32493953700343
19,17,0,1.6335556507110596,35.644622802734375,19.504058271649942
19,18,1,1.074699878692627,25.1844482421875,16.458481029032225
19,21,0,2.2272589206695557,58.4691162109375,21.76959514581311
19,22,0,1.7119197845458984,62.8154296875,19.30771644326992
19,23,1,2.240482807159424,25.353271484375,24.471847921508616
19,24,1,0.7681746482849121,28.154571533203125,23.15248221697475
19,25,1,0.7198004722595215,16.685821533203125,24.213214895886566
19,26,0,2.015775442123413,54.5433349609375,22.114315062657425
19,27,1,2.207930564880371,26.6361083984375,24.392103622065477
19,28,1,0.687941312789917,11.787139892578125,15.973139068347052
19,29,1,2.0796589851379395,21.74462890625,24.585510700274757
19,3,0,1.8175158500671387,20.462951660156307,18.055302469120715
19,30,1,1.1035840511322021,16.8873291015625,24.584833282998222
19,31,1,2.62465238571167,34.72686767578125,22.527911481004555
19,32,1,0.9121057987213135,28.049835205078125,22.180830756260523
19,33,1,0.5575227737426758,16.216583251953125,24.059029654881936
19,34,1,1.1651780605316162,39.025787353515625,22.553141136730293
19,35,1,1.263512134552002,57.880950927734375,19.206443273943023
19,36,1,1.9353148937225342,53.5174560546875,22.18708063210477
19,37,1,2.4966142177581787,33.81689453125,23.95796205127244
19,38,1,0.736318826675415,41.90557861328125,21.38691100580267
19,39,1,1.363377571105957,32.88629150390631,16.522115708569622
19,4,0,1.0096049308776855,22.671539306640625,23.108362054420002
19,40,1,1.7453193664550781,34.920196533203125,23.916690263985725
19,41,1,2.1414577960968018,46.409271240234375,20.92896141789426
19,42,1,0.5286502838134766,34.23394775390631,22.47424188458222
19,43,1,1.710768222808838,34.117950439453125,22.150795084608724
19,44,1,1.5652704238891602,50.019073486328125,19.11589133358981
19,45,1,0.5918564796447754,43.3941650390625,22.292814431379853
19,46,1,0.6234657764434814,17.36749267578125,23.948835136545263
19,47,1,2.0133466720581055,30.199859619140625,20.76364235061337
19,48,1,0.4182462692260742,12.72003173828125,24.752350838544157
19,49,1,0.6270785331726074,23.20477294921875,24.231025295807406
19,5,1,1.2791376113891602,30.816009521484375,23.077786691023316
19,50,1,0.7833878993988037,26.3408203125,24.061010649127674
19,7,1,1.3278374671936035,23.680450439453125,23.68967336328901
19,8,1,0.9127612113952637,10.766143798828125,16.276216496020854
19,9,1,0.37113046646118164,30.1541748046875,26.470512647900904
